{"accuracy": [0.7038572430610657, 0.884282648563385, 0.9142033457756042, 0.9275414347648621, 0.9266402125358582, 0.945385754108429, 0.9461067318916321, 0.954397976398468, 0.9551189541816711, 0.9662941694259644, 0.9697188138961792, 0.961607813835144, 0.9686373472213745, 0.9702595472335815, 0.9706200361251831, 0.9666546583175659, 0.9708002805709839, 0.9798125624656677, 0.9736841917037964, 0.9736841917037964, 0.9835976958274841, 0.9826964735984802, 0.9810742735862732, 0.984498918056488, 0.9801730513572693, 0.9801730513572693, 0.9834174513816833, 0.9875630736351013, 0.9823359847068787, 0.9841384291648865], "loss": [0.6251879334449768, 0.29675817489624023, 0.22541336715221405, 0.18795758485794067, 0.19171009957790375, 0.13937467336654663, 0.1485791802406311, 0.12742292881011963, 0.1207955852150917, 0.09202682971954346, 0.08513551950454712, 0.10301432758569717, 0.08387045562267303, 0.0831448957324028, 0.07644068449735641, 0.0967465415596962, 0.07760091871023178, 0.05904599279165268, 0.08444832265377045, 0.07649870961904526, 0.0443025603890419, 0.05020216479897499, 0.05105409771203995, 0.04627425968647003, 0.06245360150933266, 0.05249961465597153, 0.055157601833343506, 0.03931069001555443, 0.04701022058725357, 0.04448118805885315], "val_accuracy": [0.89682537317276, 0.8823953866958618, 0.9444444179534912, 0.9365079402923584, 0.9437229633331299, 0.9213564395904541, 0.9329004287719727, 0.948051929473877, 0.963203489780426, 0.972582995891571, 0.9696969985961914, 0.9718614816665649, 0.9545454382896423, 0.963203489780426, 0.9754689931869507, 0.9617604613304138, 0.9805194735527039, 0.9559884667396545, 0.9783549904823303, 0.98124098777771, 0.9805194735527039, 0.9639249444007874, 0.9689754843711853, 0.9769119620323181, 0.9870129823684692, 0.9826839566230774, 0.9797979593276978, 0.9826839566230774, 0.9805194735527039, 0.9855700135231018], "val_loss": [0.26496949791908264, 0.29029756784439087, 0.18276347219944, 0.15280909836292267, 0.13911810517311096, 0.21480129659175873, 0.17313839495182037, 0.15817809104919434, 0.0969020277261734, 0.07803940027952194, 0.08673688024282455, 0.07507950067520142, 0.121320441365242, 0.09051468223333359, 0.07116883993148804, 0.11355532705783844, 0.05514923855662346, 0.163343146443367, 0.06947864592075348, 0.05397172272205353, 0.054029252380132675, 0.09865160286426544, 0.08787976950407028, 0.04719190672039986, 0.034794311970472336, 0.04491903632879257, 0.05003627389669418, 0.048677220940589905, 0.05049712955951691, 0.043847694993019104]}